Variable,Coefficient
Intercept,0.475679896
FG Attempt,1.296962313
FG Percent,81.15838406
3 PT Percentage,4.128698552
3 PT Ratio,15.69799233
FT Attempt,0.385606419
FT to FG Ratio,25.42175423
Total Rebounds,0.608271829
Turnovers,-0.073599664
Steals,0.011904199
Assists,0.074196352
Blocks,0.037421176
Personal Fouls,-0.023596405
3 PT Attempt,0.08725671
Offensive Rebounds,-1.142099078